{
    "_colorDesc": {
        "lilac": "#C0B3BC",
        "red": "#EF9A9A",
        "blue": "#18B2D8",
        "yellow": "#FCC418",
        "grey": "#D9DEDF"
    },
    "colors": {
        "default": "#C0B3BC",
        "error": "#EF9A9A",
        "Rain": "#18B2D8",
        "Clear": "#FCC418",
        "Thunderstorm": "#D9DEDF",
        "Snow": "#D9DEDF",
        "Drizzle": "#18B2D8",
        "Clouds": "#FCC418"
    },
    "icons": {
        "Rain": "Rain.svg",
        "Drizzle": "Drizzle.svg",
        "Clouds": "Clouds.svg",
        "Clear": "Clear.svg",
        "Snow": "Snow.svg",
        "Thunderstorm": "Thunderstorm.svg"
    }
}